[{
	"id": "1",
	"name": "Abington"
}, {
	"id": "2",
	"name": "Acton"
}, {
	"id": "3",
	"name": "Acushnet"
}, {
	"id": "4",
	"name": "Adams"
}, {
	"id": "5",
	"name": "Agawam"
}, {
	"id": "6",
	"name": "Alford"
}, {
	"id": "7",
	"name": "Amesbury"
}, {
	"id": "8",
	"name": "Amherst"
}, {
	"id": "9",
	"name": "Andover"
}, {
	"id": "104",
	"name": "Aquinnah"
}, {
	"id": "10",
	"name": "Arlington"
}, {
	"id": "11",
	"name": "Ashburnham"
}, {
	"id": "12",
	"name": "Ashby"
}, {
	"id": "13",
	"name": "Ashfield"
}, {
	"id": "14",
	"name": "Ashland"
}, {
	"id": "15",
	"name": "Athol"
}, {
	"id": "16",
	"name": "Attleboro"
}, {
	"id": "17",
	"name": "Auburn"
}, {
	"id": "18",
	"name": "Avon"
}, {
	"id": "19",
	"name": "Ayer"
}, {
	"id": "20",
	"name": "Barnstable"
}, {
	"id": "21",
	"name": "Barre"
}, {
	"id": "22",
	"name": "Becket"
}, {
	"id": "23",
	"name": "Bedford"
}, {
	"id": "24",
	"name": "Belchertown"
}, {
	"id": "25",
	"name": "Bellingham"
}, {
	"id": "26",
	"name": "Belmont"
}, {
	"id": "27",
	"name": "Berkley"
}, {
	"id": "28",
	"name": "Berlin"
}, {
	"id": "29",
	"name": "Bernardston"
}, {
	"id": "30",
	"name": "Beverly"
}, {
	"id": "31",
	"name": "Billerica"
}, {
	"id": "32",
	"name": "Blackstone"
}, {
	"id": "33",
	"name": "Blandford"
}, {
	"id": "34",
	"name": "Bolton"
}, {
	"id": "35",
	"name": "Boston"
}, {
	"id": "36",
	"name": "Bourne"
}, {
	"id": "37",
	"name": "Boxborough"
}, {
	"id": "38",
	"name": "Boxford"
}, {
	"id": "39",
	"name": "Boylston"
}, {
	"id": "40",
	"name": "Braintree"
}, {
	"id": "41",
	"name": "Brewster"
}, {
	"id": "42",
	"name": "Bridgewater"
}, {
	"id": "43",
	"name": "Brimfield"
}, {
	"id": "44",
	"name": "Brockton"
}, {
	"id": "45",
	"name": "Brookfield"
}, {
	"id": "46",
	"name": "Brookline"
}, {
	"id": "47",
	"name": "Buckland"
}, {
	"id": "48",
	"name": "Burlington"
}, {
	"id": "49",
	"name": "Cambridge"
}, {
	"id": "50",
	"name": "Canton"
}, {
	"id": "51",
	"name": "Carlisle"
}, {
	"id": "52",
	"name": "Carver"
}, {
	"id": "53",
	"name": "Charlemont"
}, {
	"id": "54",
	"name": "Charlton"
}, {
	"id": "55",
	"name": "Chatham"
}, {
	"id": "56",
	"name": "Chelmsford"
}, {
	"id": "57",
	"name": "Chelsea"
}, {
	"id": "58",
	"name": "Cheshire"
}, {
	"id": "59",
	"name": "Chester"
}, {
	"id": "60",
	"name": "Chesterfield"
}, {
	"id": "61",
	"name": "Chicopee"
}, {
	"id": "62",
	"name": "Chilmark"
}, {
	"id": "63",
	"name": "Clarksburg"
}, {
	"id": "64",
	"name": "Clinton"
}, {
	"id": "65",
	"name": "Cohasset"
}, {
	"id": "66",
	"name": "Colrain"
}, {
	"id": "67",
	"name": "Concord"
}, {
	"id": "68",
	"name": "Conway"
}, {
	"id": "69",
	"name": "Cummington"
}, {
	"id": "70",
	"name": "Dalton"
}, {
	"id": "71",
	"name": "Danvers"
}, {
	"id": "72",
	"name": "Dartmouth"
}, {
	"id": "73",
	"name": "Dedham"
}, {
	"id": "74",
	"name": "Deerfield"
}, {
	"id": "75",
	"name": "Dennis"
}, {
	"id": "76",
	"name": "Dighton"
}, {
	"id": "77",
	"name": "Douglas"
}, {
	"id": "78",
	"name": "Dover"
}, {
	"id": "79",
	"name": "Dracut"
}, {
	"id": "80",
	"name": "Dudley"
}, {
	"id": "81",
	"name": "Dunstable"
}, {
	"id": "82",
	"name": "Duxbury"
}, {
	"id": "83",
	"name": "East Bridgewater"
}, {
	"id": "84",
	"name": "East Brookfield"
}, {
	"id": "85",
	"name": "East Longmeadow"
}, {
	"id": "86",
	"name": "Eastham"
}, {
	"id": "87",
	"name": "Easthampton"
}, {
	"id": "88",
	"name": "Easton"
}, {
	"id": "89",
	"name": "Edgartown"
}, {
	"id": "90",
	"name": "Egremont"
}, {
	"id": "91",
	"name": "Erving"
}, {
	"id": "92",
	"name": "Essex"
}, {
	"id": "93",
	"name": "Everett"
}, {
	"id": "94",
	"name": "Fairhaven"
}, {
	"id": "95",
	"name": "Fall River"
}, {
	"id": "96",
	"name": "Falmouth"
}, {
	"id": "97",
	"name": "Fitchburg"
}, {
	"id": "98",
	"name": "Florida"
}, {
	"id": "99",
	"name": "Foxborough"
}, {
	"id": "100",
	"name": "Framingham"
}, {
	"id": "101",
	"name": "Franklin"
}, {
	"id": "102",
	"name": "Freetown"
}, {
	"id": "103",
	"name": "Gardner"
}, {
	"id": "105",
	"name": "Georgetown"
}, {
	"id": "106",
	"name": "Gill"
}, {
	"id": "107",
	"name": "Gloucester"
}, {
	"id": "108",
	"name": "Goshen"
}, {
	"id": "109",
	"name": "Gosnold"
}, {
	"id": "110",
	"name": "Grafton"
}, {
	"id": "111",
	"name": "Granby"
}, {
	"id": "112",
	"name": "Granville"
}, {
	"id": "113",
	"name": "Great Barrington"
}, {
	"id": "114",
	"name": "Greenfield"
}, {
	"id": "115",
	"name": "Groton"
}, {
	"id": "116",
	"name": "Groveland"
}, {
	"id": "117",
	"name": "Hadley"
}, {
	"id": "118",
	"name": "Halifax"
}, {
	"id": "119",
	"name": "Hamilton"
}, {
	"id": "120",
	"name": "Hampden"
}, {
	"id": "121",
	"name": "Hancock"
}, {
	"id": "122",
	"name": "Hanover"
}, {
	"id": "123",
	"name": "Hanson"
}, {
	"id": "124",
	"name": "Hardwick"
}, {
	"id": "125",
	"name": "Harvard"
}, {
	"id": "126",
	"name": "Harwich"
}, {
	"id": "127",
	"name": "Hatfield"
}, {
	"id": "128",
	"name": "Haverhill"
}, {
	"id": "129",
	"name": "Hawley"
}, {
	"id": "130",
	"name": "Heath"
}, {
	"id": "131",
	"name": "Hingham"
}, {
	"id": "132",
	"name": "Hinsdale"
}, {
	"id": "133",
	"name": "Holbrook"
}, {
	"id": "134",
	"name": "Holden"
}, {
	"id": "135",
	"name": "Holland"
}, {
	"id": "136",
	"name": "Holliston"
}, {
	"id": "137",
	"name": "Holyoke"
}, {
	"id": "138",
	"name": "Hopedale"
}, {
	"id": "139",
	"name": "Hopkinton"
}, {
	"id": "140",
	"name": "Hubbardston"
}, {
	"id": "141",
	"name": "Hudson"
}, {
	"id": "142",
	"name": "Hull"
}, {
	"id": "143",
	"name": "Huntington"
}, {
	"id": "144",
	"name": "Ipswich"
}, {
	"id": "145",
	"name": "Kingston"
}, {
	"id": "146",
	"name": "Lakeville"
}, {
	"id": "147",
	"name": "Lancaster"
}, {
	"id": "148",
	"name": "Lanesborough"
}, {
	"id": "149",
	"name": "Lawrence"
}, {
	"id": "150",
	"name": "Lee"
}, {
	"id": "151",
	"name": "Leicester"
}, {
	"id": "152",
	"name": "Lenox"
}, {
	"id": "153",
	"name": "Leominster"
}, {
	"id": "154",
	"name": "Leverett"
}, {
	"id": "155",
	"name": "Lexington"
}, {
	"id": "156",
	"name": "Leyden"
}, {
	"id": "157",
	"name": "Lincoln"
}, {
	"id": "158",
	"name": "Littleton"
}, {
	"id": "159",
	"name": "Longmeadow"
}, {
	"id": "160",
	"name": "Lowell"
}, {
	"id": "161",
	"name": "Ludlow"
}, {
	"id": "162",
	"name": "Lunenburg"
}, {
	"id": "163",
	"name": "Lynn"
}, {
	"id": "164",
	"name": "Lynnfield"
}, {
	"id": "165",
	"name": "Malden"
}, {
	"id": "166",
	"name": "Manchester"
}, {
	"id": "167",
	"name": "Mansfield"
}, {
	"id": "168",
	"name": "Marblehead"
}, {
	"id": "169",
	"name": "Marion"
}, {
	"id": "170",
	"name": "Marlborough"
}, {
	"id": "171",
	"name": "Marshfield"
}, {
	"id": "172",
	"name": "Mashpee"
}, {
	"id": "173",
	"name": "Mattapoisett"
}, {
	"id": "174",
	"name": "Maynard"
}, {
	"id": "175",
	"name": "Medfield"
}, {
	"id": "176",
	"name": "Medford"
}, {
	"id": "177",
	"name": "Medway"
}, {
	"id": "178",
	"name": "Melrose"
}, {
	"id": "179",
	"name": "Mendon"
}, {
	"id": "180",
	"name": "Merrimac"
}, {
	"id": "181",
	"name": "Methuen"
}, {
	"id": "182",
	"name": "Middleborough"
}, {
	"id": "183",
	"name": "Middlefield"
}, {
	"id": "184",
	"name": "Middleton"
}, {
	"id": "185",
	"name": "Milford"
}, {
	"id": "186",
	"name": "Millbury"
}, {
	"id": "187",
	"name": "Millis"
}, {
	"id": "188",
	"name": "Millville"
}, {
	"id": "189",
	"name": "Milton"
}, {
	"id": "190",
	"name": "Monroe"
}, {
	"id": "191",
	"name": "Monson"
}, {
	"id": "192",
	"name": "Montague"
}, {
	"id": "193",
	"name": "Monterey"
}, {
	"id": "194",
	"name": "Montgomery"
}, {
	"id": "195",
	"name": "Mount Washington"
}, {
	"id": "196",
	"name": "Nahant"
}, {
	"id": "197",
	"name": "Nantucket"
}, {
	"id": "198",
	"name": "Natick"
}, {
	"id": "199",
	"name": "Needham"
}, {
	"id": "200",
	"name": "New Ashford"
}, {
	"id": "201",
	"name": "New Bedford"
}, {
	"id": "202",
	"name": "New Braintree"
}, {
	"id": "203",
	"name": "New Marlborough"
}, {
	"id": "204",
	"name": "New Salem"
}, {
	"id": "205",
	"name": "Newbury"
}, {
	"id": "206",
	"name": "Newburyport"
}, {
	"id": "207",
	"name": "Newton"
}, {
	"id": "208",
	"name": "Norfolk"
}, {
	"id": "209",
	"name": "North Adams"
}, {
	"id": "210",
	"name": "North Andover"
}, {
	"id": "211",
	"name": "North Attleborough"
}, {
	"id": "212",
	"name": "North Brookfield"
}, {
	"id": "213",
	"name": "North Reading"
}, {
	"id": "214",
	"name": "Northampton"
}, {
	"id": "215",
	"name": "Northborough"
}, {
	"id": "216",
	"name": "Northbridge"
}, {
	"id": "217",
	"name": "Northfield"
}, {
	"id": "218",
	"name": "Norton"
}, {
	"id": "219",
	"name": "Norwell"
}, {
	"id": "220",
	"name": "Norwood"
}, {
	"id": "221",
	"name": "Oak Bluffs"
}, {
	"id": "222",
	"name": "Oakham"
}, {
	"id": "223",
	"name": "Orange"
}, {
	"id": "224",
	"name": "Orleans"
}, {
	"id": "225",
	"name": "Otis"
}, {
	"id": "226",
	"name": "Oxford"
}, {
	"id": "227",
	"name": "Palmer"
}, {
	"id": "228",
	"name": "Paxton"
}, {
	"id": "229",
	"name": "Peabody"
}, {
	"id": "230",
	"name": "Pelham"
}, {
	"id": "231",
	"name": "Pembroke"
}, {
	"id": "232",
	"name": "Pepperell"
}, {
	"id": "233",
	"name": "Peru"
}, {
	"id": "234",
	"name": "Petersham"
}, {
	"id": "235",
	"name": "Phillipston"
}, {
	"id": "236",
	"name": "Pittsfield"
}, {
	"id": "237",
	"name": "Plainfield"
}, {
	"id": "238",
	"name": "Plainville"
}, {
	"id": "239",
	"name": "Plymouth"
}, {
	"id": "240",
	"name": "Plympton"
}, {
	"id": "241",
	"name": "Princeton"
}, {
	"id": "242",
	"name": "Provincetown"
}, {
	"id": "243",
	"name": "Quincy"
}, {
	"id": "244",
	"name": "Randolph"
}, {
	"id": "245",
	"name": "Raynham"
}, {
	"id": "246",
	"name": "Reading"
}, {
	"id": "247",
	"name": "Rehoboth"
}, {
	"id": "248",
	"name": "Revere"
}, {
	"id": "249",
	"name": "Richmond"
}, {
	"id": "250",
	"name": "Rochester"
}, {
	"id": "251",
	"name": "Rockland"
}, {
	"id": "252",
	"name": "Rockport"
}, {
	"id": "253",
	"name": "Rowe"
}, {
	"id": "254",
	"name": "Rowley"
}, {
	"id": "255",
	"name": "Royalston"
}, {
	"id": "256",
	"name": "Russell"
}, {
	"id": "257",
	"name": "Rutland"
}, {
	"id": "258",
	"name": "Salem"
}, {
	"id": "259",
	"name": "Salisbury"
}, {
	"id": "260",
	"name": "Sandisfield"
}, {
	"id": "261",
	"name": "Sandwich"
}, {
	"id": "262",
	"name": "Saugus"
}, {
	"id": "263",
	"name": "Savoy"
}, {
	"id": "264",
	"name": "Scituate"
}, {
	"id": "265",
	"name": "Seekonk"
}, {
	"id": "266",
	"name": "Sharon"
}, {
	"id": "267",
	"name": "Sheffield"
}, {
	"id": "268",
	"name": "Shelburne"
}, {
	"id": "269",
	"name": "Sherborn"
}, {
	"id": "270",
	"name": "Shirley"
}, {
	"id": "271",
	"name": "Shrewsbury"
}, {
	"id": "272",
	"name": "Shutesbury"
}, {
	"id": "273",
	"name": "Somerset"
}, {
	"id": "274",
	"name": "Somerville"
}, {
	"id": "275",
	"name": "South Hadley"
}, {
	"id": "276",
	"name": "Southampton"
}, {
	"id": "277",
	"name": "Southborough"
}, {
	"id": "278",
	"name": "Southbridge"
}, {
	"id": "279",
	"name": "Southwick"
}, {
	"id": "280",
	"name": "Spencer"
}, {
	"id": "281",
	"name": "Springfield"
}, {
	"id": "282",
	"name": "Sterling"
}, {
	"id": "283",
	"name": "Stockbridge"
}, {
	"id": "284",
	"name": "Stoneham"
}, {
	"id": "285",
	"name": "Stoughton"
}, {
	"id": "286",
	"name": "Stow"
}, {
	"id": "287",
	"name": "Sturbridge"
}, {
	"id": "288",
	"name": "Sudbury"
}, {
	"id": "289",
	"name": "Sunderland"
}, {
	"id": "290",
	"name": "Sutton"
}, {
	"id": "291",
	"name": "Swampscott"
}, {
	"id": "292",
	"name": "Swansea"
}, {
	"id": "293",
	"name": "Taunton"
}, {
	"id": "294",
	"name": "Templeton"
}, {
	"id": "295",
	"name": "Tewksbury"
}, {
	"id": "296",
	"name": "Tisbury"
}, {
	"id": "297",
	"name": "Tolland"
}, {
	"id": "298",
	"name": "Topsfield"
}, {
	"id": "299",
	"name": "Townsend"
}, {
	"id": "300",
	"name": "Truro"
}, {
	"id": "301",
	"name": "Tyngsborough"
}, {
	"id": "302",
	"name": "Tyringham"
}, {
	"id": "303",
	"name": "Upton"
}, {
	"id": "304",
	"name": "Uxbridge"
}, {
	"id": "305",
	"name": "Wakefield"
}, {
	"id": "306",
	"name": "Wales"
}, {
	"id": "307",
	"name": "Walpole"
}, {
	"id": "308",
	"name": "Waltham"
}, {
	"id": "309",
	"name": "Ware"
}, {
	"id": "310",
	"name": "Wareham"
}, {
	"id": "311",
	"name": "Warren"
}, {
	"id": "312",
	"name": "Warwick"
}, {
	"id": "313",
	"name": "Washington"
}, {
	"id": "314",
	"name": "Watertown"
}, {
	"id": "315",
	"name": "Wayland"
}, {
	"id": "316",
	"name": "Webster"
}, {
	"id": "317",
	"name": "Wellesley"
}, {
	"id": "318",
	"name": "Wellfleet"
}, {
	"id": "319",
	"name": "Wendell"
}, {
	"id": "320",
	"name": "Wenham"
}, {
	"id": "321",
	"name": "West Boylston"
}, {
	"id": "322",
	"name": "West Bridgewater"
}, {
	"id": "323",
	"name": "West Brookfield"
}, {
	"id": "324",
	"name": "West Newbury"
}, {
	"id": "325",
	"name": "West Springfield"
}, {
	"id": "326",
	"name": "West Stockbridge"
}, {
	"id": "327",
	"name": "West Tisbury"
}, {
	"id": "328",
	"name": "Westborough"
}, {
	"id": "329",
	"name": "Westfield"
}, {
	"id": "330",
	"name": "Westford"
}, {
	"id": "331",
	"name": "Westhampton"
}, {
	"id": "332",
	"name": "Westminster"
}, {
	"id": "333",
	"name": "Weston"
}, {
	"id": "334",
	"name": "Westport"
}, {
	"id": "335",
	"name": "Westwood"
}, {
	"id": "336",
	"name": "Weymouth"
}, {
	"id": "337",
	"name": "Whately"
}, {
	"id": "338",
	"name": "Whitman"
}, {
	"id": "339",
	"name": "Wilbraham"
}, {
	"id": "340",
	"name": "Williamsburg"
}, {
	"id": "341",
	"name": "Williamstown"
}, {
	"id": "342",
	"name": "Wilmington"
}, {
	"id": "343",
	"name": "Winchendon"
}, {
	"id": "344",
	"name": "Winchester"
}, {
	"id": "345",
	"name": "Windsor"
}, {
	"id": "346",
	"name": "Winthrop"
}, {
	"id": "347",
	"name": "Woburn"
}, {
	"id": "348",
	"name": "Worcester"
}, {
	"id": "349",
	"name": "Worthington"
}, {
	"id": "350",
	"name": "Wrentham"
}, {
	"id": "351",
	"name": "Yarmouth"
}]
